{"info": {"arch": "wasm32", "platform": "Emscripten-1.0"}, "packages": {"distutils": {"name": "distutils", "version": "1.0", "file_name": "distutils.tar", "install_dir": "lib", "depends": [], "imports": ["distutils"]}, "lazy-object-proxy": {"name": "lazy-object-proxy", "version": "1.7.1", "file_name": "lazy_object_proxy-1.7.1-cp39-cp39-emscripten_wasm32.whl", "install_dir": "site", "depends": [], "imports": ["lazy_object_proxy"]}, "micropip": {"name": "micropip", "version": "0.1", "file_name": "micropip-0.1-py3-none-any.whl", "install_dir": "site", "depends": ["pyparsing", "packaging", "distutils"], "imports": ["micropip"]}, "packaging": {"name": "packaging", "version": "21.3", "file_name": "packaging-21.3-py3-none-any.whl", "install_dir": "site", "depends": ["pyparsing"], "imports": ["packaging"]}, "pyparsing": {"name": "pyparsing", "version": "3.0.7", "file_name": "pyparsing-3.0.7-py3-none-any.whl", "install_dir": "site", "depends": [], "imports": ["pyparsing"]}, "test": {"name": "test", "version": "1.0", "file_name": "test.tar", "install_dir": "lib", "depends": [], "imports": ["test"]}, "wrapt": {"name": "wrapt", "version": "1.13.3", "file_name": "wrapt-1.13.3-cp39-cp39-emscripten_wasm32.whl", "install_dir": "site", "depends": [], "imports": ["wrapt"]}}}
